ubigeo,departamento,lluvia_total_mm,dias_lluvia_fuerte,declaratorias,prorrogas
01,Amazonas,414.6,3,3,1
02,Áncash,1145.8,9,6,1
03,Apurímac,726.2,3,1,0
04,Arequipa,362.0,1,4,0
05,Ayacucho,498.4,2,5,1
06,Cajamarca,796.6,0,4,0
07,Callao,55.5,0,1,0
08,Cusco,714.0,1,2,0
09,Huancavelica,817.8,3,3,0
10,Huánuco,524.3,2,4,0
11,Ica,113.6,0,3,0
12,Junín,850.8,6,2,0
13,La Libertad,177.2,1,5,0
14,Lambayeque,445.8,4,3,1
15,Lima,27.9,0,6,0
16,Loreto,1604.6,26,1,0
17,Madre de Dios,1248.4,23,0,0
18,Moquegua,83.9,0,2,0
19,Pasco,750.4,1,2,0
20,Piura,719.4,12,3,1
21,Puno,660.4,4,1,0
22,San Martín,1050.5,12,4,0
23,Tacna,28.2,0,2,0
24,Tumbes,931.4,14,2,1
25,Ucayali,1316.0,24,3,0
